{"cameraMode":{"drawMode":0,"name":"Shaded","section":"Shading Mode"},"sceneLighting":false,"audioPlay":false,"sceneViewState":{"m_AlwaysRefresh":true,"showFog":false,"showSkybox":false,"showFlares":true,"showImageEffects":true,"showParticleSystems":true,"showVisualEffectGraphs":true,"m_FxEnabled":true},"in2DMode":false,"pivot":{"x":428.61907958984377,"y":353.5710754394531,"z":-8.15435791015625},"rotation":{"x":0.02099653147161007,"y":-0.013496621511876583,"z":0.00028347058105282485,"w":0.9996887445449829},"size":380.6470642089844,"orthographic":false}