{"cameraMode":{"drawMode":0,"name":"Shaded","section":"Shading Mode"},"sceneLighting":true,"audioPlay":false,"sceneViewState":{"m_AlwaysRefresh":true,"showFog":false,"showSkybox":true,"showFlares":true,"showImageEffects":true,"showParticleSystems":true,"showVisualEffectGraphs":true,"m_FxEnabled":true},"in2DMode":false,"pivot":{"x":0.0558580718934536,"y":0.05672064796090126,"z":-0.7381496429443359},"rotation":{"x":0.000003814996489381883,"y":1.000014305114746,"z":0.0029994489159435035,"w":0.0029985953588038685},"size":4.364230632781982,"orthographic":false}