{"cameraMode":{"drawMode":0,"name":"Shaded","section":"Shading Mode"},"sceneLighting":true,"audioPlay":false,"sceneViewState":{"m_AlwaysRefresh":true,"showFog":false,"showSkybox":true,"showFlares":true,"showImageEffects":true,"showParticleSystems":true,"showVisualEffectGraphs":true,"m_FxEnabled":true},"in2DMode":false,"pivot":{"x":-16.152616500854493,"y":21.247047424316408,"z":128.71466064453126},"rotation":{"x":-0.11643418669700623,"y":-0.07115288823843003,"z":0.008359578438103199,"w":-0.9906191229820252},"size":114.88971710205078,"orthographic":false}