{"cameraMode":{"drawMode":0,"name":"Shaded","section":"Shading Mode"},"sceneLighting":true,"audioPlay":false,"sceneViewState":{"m_AlwaysRefresh":true,"showFog":false,"showSkybox":true,"showFlares":true,"showImageEffects":true,"showParticleSystems":true,"showVisualEffectGraphs":true,"m_FxEnabled":true},"in2DMode":false,"pivot":{"x":0.3307842016220093,"y":-0.040188372135162356,"z":0.8941049575805664},"rotation":{"x":0.00016741291619837284,"y":0.9986393451690674,"z":-0.05247749760746956,"w":0.002993633272126317},"size":1.9819920063018799,"orthographic":false}