{"cameraMode":{"drawMode":0,"name":"Shaded","section":"Shading Mode"},"sceneLighting":false,"audioPlay":false,"sceneViewState":{"m_AlwaysRefresh":true,"showFog":false,"showSkybox":false,"showFlares":true,"showImageEffects":true,"showParticleSystems":true,"showVisualEffectGraphs":true,"m_FxEnabled":true},"in2DMode":false,"pivot":{"x":2.514904737472534,"y":4.358552932739258,"z":-0.15512418746948243},"rotation":{"x":0.0018891292857006193,"y":0.995835542678833,"z":-0.0886731669306755,"w":0.02121512033045292},"size":1.8217923641204835,"orthographic":false}