{"cameraMode":{"drawMode":0,"name":"Shaded","section":"Shading Mode"},"sceneLighting":false,"audioPlay":false,"sceneViewState":{"m_AlwaysRefresh":true,"showFog":false,"showSkybox":false,"showFlares":true,"showImageEffects":true,"showParticleSystems":true,"showVisualEffectGraphs":true,"m_FxEnabled":true},"in2DMode":false,"pivot":{"x":1.1563785076141358,"y":3.661238670349121,"z":-0.47231554985046389},"rotation":{"x":-0.041975732892751697,"y":0.913986325263977,"z":-0.09799542278051377,"w":-0.39150041341781618},"size":2.777869462966919,"orthographic":false}